<?xml version="1.0" encoding="UTF-8"?>
<metadata xml:lang="en"><Esri><CreaDate>20211118</CreaDate><CreaTime>18351400</CreaTime><ArcGISFormat>1.0</ArcGISFormat><SyncOnce>TRUE</SyncOnce><DataProperties><lineage><Process ToolSource="j:\program files\arcgis 10.6\desktop10.6\ArcToolbox\Toolboxes\Spatial Analyst Tools.tbx\ExtractByMask" Date="20211118" Time="183514">ExtractByMask annualMeanTropoNO2Projected1000000.tif FUA_extentBwithCentersOPN7_Buffer20km M:\WenZhang2_NO2_MapsRS3\annualMeanTropoNO2Projected1000000Cliped.tif</Process></lineage></DataProperties></Esri></metadata>
