<?xml version="1.0" encoding="UTF-8"?>
<metadata xml:lang="en"><Esri><CreaDate>20210302</CreaDate><CreaTime>12072100</CreaTime><ArcGISFormat>1.0</ArcGISFormat><SyncOnce>TRUE</SyncOnce><DataProperties><lineage><Process ToolSource="j:\program files\arcgis 10.6\desktop10.6\ArcToolbox\Toolboxes\Data Management Tools.tbx\CalculateField" Date="20210302" Time="120721">CalculateField Join_Output x [Sum_x] VB #</Process><Process ToolSource="j:\program files\arcgis 10.6\desktop10.6\ArcToolbox\Toolboxes\Data Management Tools.tbx\CalculateField" Date="20210302" Time="120750">CalculateField Join_Output x [Sum_x] VB #</Process><Process ToolSource="j:\program files\arcgis 10.6\desktop10.6\ArcToolbox\Toolboxes\Data Management Tools.tbx\CalculateField" Date="20210302" Time="120759">CalculateField Join_Output y [Sum_y] VB #</Process><Process ToolSource="j:\program files\arcgis 10.6\desktop10.6\ArcToolbox\Toolboxes\Data Management Tools.tbx\CalculateField" Date="20210302" Time="120812">CalculateField Join_Output CBDX [Sum_CBDX] VB #</Process><Process ToolSource="j:\program files\arcgis 10.6\desktop10.6\ArcToolbox\Toolboxes\Data Management Tools.tbx\CalculateField" Date="20210302" Time="120822">CalculateField Join_Output CBDY [Sum_CBDY] VB #</Process><Process ToolSource="j:\program files\arcgis 10.6\desktop10.6\ArcToolbox\Toolboxes\Data Management Tools.tbx\CalculateField" Date="20210304" Time="193714">CalculateField "GHSL-OECD Functional Urban Areas (GHS-FUA)" eFUA_IDS [eFUA_ID] VB #</Process><Process ToolSource="j:\program files\arcgis 10.6\desktop10.6\ArcToolbox\Toolboxes\Data Management Tools.tbx\CalculateField" Date="20220217" Time="110438">CalculateField FUA_extentBwithCentersOPN_IC FUAnforSpl [eFUAnamENS] VB #</Process></lineage></DataProperties></Esri></metadata>
