<PAMDataset>
  <Metadata>
    <MDI key="DataType">Generic</MDI>
  </Metadata>
  <PAMRasterBand band="1">
    <Histograms>
      <HistItem>
        <HistMin>8.056381225585938</HistMin>
        <HistMax>198.6532440185547</HistMax>
        <BucketCount>256</BucketCount>
        <IncludeOutOfRange>1</IncludeOutOfRange>
        <Approximate>0</Approximate>
        <HistCounts>8|7|3|1|1|9|9|6|17|22|22|52|33|51|50|95|111|141|141|200|184|259|260|286|380|328|319|362|417|324|409|451|414|390|366|331|331|287|339|332|294|306|320|329|320|352|276|341|329|244|304|294|342|342|323|344|326|344|360|353|326|316|277|309|324|316|303|223|300|315|272|236|213|275|228|224|169|277|183|160|178|168|175|161|168|151|118|140|94|149|115|101|93|109|62|70|97|75|84|89|78|97|114|73|84|86|84|74|89|56|74|80|66|73|87|53|56|59|48|64|53|37|29|23|20|32|18|32|34|18|25|15|30|18|18|17|16|16|10|28|12|11|17|11|15|12|23|12|10|2|10|11|8|4|8|25|2|10|7|7|14|9|8|1|9|9|5|11|17|14|6|9|3|5|8|2|4|0|1|2|4|3|2|3|6|0|9|6|8|1|0|2|0|4|4|1|0|2|0|2|2|2|0|4|0|4|2|0|0|0|1|0|0|0|0|0|2|0|0|0|1|4|0|0|0|0|0|0|0|0|2|1|0|0|1|0|0|0|0|0|0|0|0|0|0|0|2|0|2|0|0|0|0|0|0|4</HistCounts>
      </HistItem>
    </Histograms>
    <Metadata>
      <MDI key="RepresentationType">ATHEMATIC</MDI>
      <MDI key="STATISTICS_COVARIANCES">519.2462856948747</MDI>
      <MDI key="STATISTICS_EXCLUDEDVALUES"></MDI>
      <MDI key="STATISTICS_MAXIMUM">198.65324401855</MDI>
      <MDI key="STATISTICS_MEAN">51.764702538383</MDI>
      <MDI key="STATISTICS_MINIMUM">8.0563812255859</MDI>
      <MDI key="STATISTICS_SKIPFACTORX">1</MDI>
      <MDI key="STATISTICS_SKIPFACTORY">1</MDI>
      <MDI key="STATISTICS_STDDEV">22.786976229743</MDI>
    </Metadata>
  </PAMRasterBand>
</PAMDataset>
