<?xml version="1.0" encoding="UTF-8"?>
<metadata xml:lang="en"><Esri><CreaDate>20220407</CreaDate><CreaTime>12244800</CreaTime><ArcGISFormat>1.0</ArcGISFormat><SyncOnce>TRUE</SyncOnce><DataProperties><lineage><Process ToolSource="j:\program files\arcgis 10.6\desktop10.6\ArcToolbox\Toolboxes\Data Management Tools.tbx\CalculateField" Date="20220407" Time="122349">CalculateField MeCel1000GauKri_SelectedCitiedDBF Log10Pop15 math.log10( !FUA_p_2015! ) PYTHON_9.3 #</Process></lineage></DataProperties></Esri></metadata>
